cohort,method,n_pairs,top1_accuracy_pct,avg_true_match_score_pct,avg_false_match_score_pct,score_gap_pct
mirror,code_centric,8.0,100.0,0.0,0.0,0.0
mirror,cross_language,8.0,12.5,3.6212955118230887,5.518232080052459,-1.8969365682293704
mirror,dynamic,8.0,87.5,43.75,19.791666666666668,23.958333333333332
mirror,metadata,8.0,100.0,89.0329735838832,76.90776909841638,12.125204485466824
non_mirror,code_centric,3.0,33.33333333333333,23.33132812898099,25.327327195660953,-1.995999066679964
non_mirror,cross_language,3.0,66.66666666666666,59.33268798853953,35.31014804789585,24.022539940643682
non_mirror,dynamic,3.0,33.33333333333333,38.888888888888886,47.060606060606055,-8.17171717171717
non_mirror,metadata,3.0,0.0,75.33937370364264,75.68397824907377,-0.34460454543113883
