cohort,method,n_pairs,top1_accuracy_pct,avg_true_match_score_pct,avg_false_match_score_pct,score_gap_pct
mirror,code_centric,8.0,100.0,0.0,0.0,0.0
mirror,cross_language,8.0,12.5,3.6212955118230887,5.518232080052459,-1.8969365682293704
mirror,dynamic,8.0,87.5,43.75,19.791666666666668,23.958333333333332
mirror,metadata,8.0,100.0,96.67786887544011,53.65463052128641,43.023238354153705
non_mirror,code_centric,3.0,33.33333333333333,23.335232101218377,25.332204080707537,-1.9969719794891603
non_mirror,cross_language,3.0,66.66666666666666,59.33268798853953,35.31014804789585,24.022539940643682
non_mirror,dynamic,3.0,33.33333333333333,38.888888888888886,47.060606060606055,-8.17171717171717
non_mirror,metadata,3.0,33.33333333333333,62.19156703906418,54.01968216776318,8.171884871301003
