cohort,method,n_pairs,top1_accuracy_pct,avg_true_match_score_pct,avg_false_match_score_pct,score_gap_pct
mirror,code_centric,8.0,100.0,0.0,0.0,0.0
mirror,cross_language,8.0,12.5,3.6212955118230887,5.518232080052459,-1.8969365682293704
mirror,dynamic,8.0,87.5,43.75,19.791666666666668,23.958333333333332
mirror,metadata,8.0,100.0,88.9792448081274,54.21180379586044,34.767441012266964
non_mirror,code_centric,3.0,33.33333333333333,23.318170035285963,25.32122530427316,-2.0030552689871968
non_mirror,cross_language,3.0,66.66666666666666,59.33268798853953,34.84768296510308,24.48500502343645
non_mirror,dynamic,3.0,33.33333333333333,38.888888888888886,47.060606060606055,-8.17171717171717
non_mirror,metadata,3.0,33.33333333333333,63.735289942096806,52.76660876452827,10.968681177568534
