cohort,method,n_pairs,top1_accuracy_pct,avg_true_match_score_pct,avg_false_match_score_pct,score_gap_pct
mirror,code_centric,8.0,100.0,0.0,0.0,0.0
mirror,cross_language,8.0,12.5,3.6714406938474244,5.510042182908216,-1.8386014890607916
mirror,dynamic,8.0,87.5,43.75,19.791666666666668,23.958333333333332
mirror,metadata,8.0,100.0,95.40888000555326,51.757158126952724,43.65172187860053
non_mirror,code_centric,3.0,33.33333333333333,23.64938761682112,25.45174266711149,-1.8023550502903696
non_mirror,cross_language,3.0,66.66666666666666,59.33268798853953,34.84768296510308,24.48500502343645
non_mirror,dynamic,3.0,33.33333333333333,38.888888888888886,47.060606060606055,-8.17171717171717
non_mirror,metadata,3.0,0.0,63.10120601746613,55.19786617865782,7.903339838808314
