cohort,method,n_pairs,top1_accuracy_pct,avg_true_match_score_pct,avg_false_match_score_pct,score_gap_pct
mirror,code_centric,8.0,100.0,0.0,0.0,0.0
mirror,cross_language,8.0,12.5,3.6212955118230887,5.516464029584565,-1.8951685177614763
mirror,dynamic,8.0,87.5,43.75,19.791666666666668,23.958333333333332
mirror,metadata,8.0,25.0,55.06589314720851,54.97490055823732,0.09099258897119
non_mirror,code_centric,3.0,33.33333333333333,23.35614657926325,25.419709157584887,-2.063562578321637
non_mirror,cross_language,3.0,66.66666666666666,59.33268798853953,35.31014804789585,24.022539940643682
non_mirror,dynamic,3.0,33.33333333333333,38.888888888888886,47.060606060606055,-8.17171717171717
non_mirror,metadata,3.0,33.33333333333333,63.021340896961085,59.274295484010445,3.7470454129506408
