cohort,method,n_pairs,top1_accuracy_pct,avg_true_match_score_pct,avg_false_match_score_pct,score_gap_pct
mirror,code_centric,8.0,100.0,0.0,0.0,0.0
mirror,cross_language,8.0,12.5,3.6714406938474244,5.510042182908216,-1.8386014890607916
mirror,dynamic,8.0,87.5,43.75,19.791666666666668,23.958333333333332
mirror,metadata,8.0,50.0,45.92345294398685,46.31087485415964,-0.38742191017279026
non_mirror,code_centric,3.0,33.33333333333333,23.07984229623236,25.376594501200476,-2.296752204968115
non_mirror,cross_language,3.0,66.66666666666666,59.33268798853953,34.847914033056675,24.484773955482858
non_mirror,dynamic,3.0,33.33333333333333,38.888888888888886,44.78787878787878,-5.898989898989896
non_mirror,metadata,3.0,33.33333333333333,63.511079302351995,53.17953282368071,10.331546478671285
