cohort,method,n_pairs,top1_accuracy_pct,avg_true_match_score_pct,avg_false_match_score_pct,score_gap_pct
mirror,code_centric,8.0,100.0,0.0,0.0,0.0
mirror,cross_language,8.0,12.5,3.6212955118230887,5.518232080052459,-1.8969365682293704
mirror,dynamic,8.0,87.5,18.749999999999996,8.125,10.624999999999996
mirror,metadata,8.0,100.0,88.91238228431158,76.09239387857629,12.819988405735288
non_mirror,code_centric,3.0,33.33333333333333,23.3174315513522,25.297701805441715,-1.9802702540895147
non_mirror,cross_language,3.0,66.66666666666666,59.33268798853953,34.84768296510308,24.48500502343645
non_mirror,dynamic,3.0,33.33333333333333,41.11111111111111,37.85757575757576,3.253535353535348
non_mirror,metadata,3.0,66.66666666666666,82.31765688687747,75.78175937110585,6.535897515771623
