cohort,method,n_pairs,top1_accuracy_pct,avg_true_match_score_pct,avg_false_match_score_pct,score_gap_pct
mirror,code_centric,8.0,100.0,0.0,0.0,0.0
mirror,cross_language,8.0,12.5,3.6714406938474244,5.510042182908216,-1.8386014890607916
mirror,dynamic,8.0,87.5,43.75,19.791666666666668,23.958333333333332
mirror,metadata,8.0,62.5,53.20558333583471,45.42527509151649,7.7803082443182205
non_mirror,code_centric,3.0,33.33333333333333,23.077702876005628,25.37535906396274,-2.297656187957113
non_mirror,cross_language,3.0,66.66666666666666,59.33268798853953,34.847914033056675,24.484773955482858
non_mirror,dynamic,3.0,33.33333333333333,38.888888888888886,44.78787878787878,-5.898989898989896
non_mirror,metadata,3.0,33.33333333333333,65.53730137931394,54.864697706192835,10.67260367312111
