cohort,method,n_pairs,top1_accuracy_pct,avg_true_match_score_pct,avg_false_match_score_pct,score_gap_pct
mirror,code_centric,8.0,100.0,0.0,0.0,0.0
mirror,cross_language,8.0,12.5,3.6714406938474244,5.510042182908216,-1.8386014890607916
mirror,dynamic,8.0,87.5,43.75,19.791666666666668,23.958333333333332
mirror,metadata,8.0,100.0,92.81056608090198,51.40946105333378,41.4011050275682
non_mirror,code_centric,3.0,33.33333333333333,23.65993727475499,25.455769764655894,-1.7958324899009028
non_mirror,cross_language,3.0,66.66666666666666,59.33268798853953,34.84768296510308,24.48500502343645
non_mirror,dynamic,3.0,33.33333333333333,38.888888888888886,47.060606060606055,-8.17171717171717
non_mirror,metadata,3.0,33.33333333333333,62.56463250363215,53.75357732891737,8.811055174714774
